5,2,0.3,-3.332352605530617,-0.08818121056906442,-2.0291620492829905
5,2,0.4,-2.225774613924193,-0.04834914018820958,-1.6933086750514323
5,2,0.5,-0.561280999256886,0.006668419289913667,-1.0950695361621585
5,2,0.6,-0.5877095371762675,0.00203846688966637,-1.0860122716274305
5,2,0.7,-0.7913127933795394,-0.013410265775143055,-0.965202360700555
5,2,0.8,-0.520444251379333,0.0043233623494654235,-0.9238507445868767
5,2,0.9,-0.4840084780502396,0.0071026672478567265,-0.9530869232774851
5,3,0.3,-4.663754490699164,-0.13867007567138362,-2.66368840010413
5,3,0.4,-1.7530840992998353,-0.03259380874406191,-1.4851846033233749
5,3,0.5,-1.5326940304895078,-0.02616689040541449,-1.2689908496350788
5,3,0.6,-0.581169111590197,0.005310527328075289,-0.9325364508979256
5,3,0.7,0.02740459045083853,0.035245359480315375,-0.891875174777358
5,3,0.8,-0.03742080357567663,0.023217716290980444,-0.7757756551623711
5,3,0.9,-1.1954755294923423,-0.016607009293169526,-0.9383594051487428
5,4,0.3,-2.775625121164316,-0.062368404452180594,-1.686528273719637
5,4,0.4,-1.7880283775226604,-0.04110356080847013,-1.3779692068440144
5,4,0.5,-1.3938093070079889,-0.02515784638394706,-1.2352262386302393
5,4,0.6,-0.4526672483457377,0.002498043714283485,-1.1001554296420433
5,4,0.7,-0.4040589916061075,0.014260332998670655,-0.9495470414693049
5,4,0.8,-1.76563569605222,-0.041859278802893474,-1.8310223261141805
5,4,0.9,-0.39732611303505033,0.008550263660313783,-0.7489646621589627
5,5,0.3,-2.784235567383059,-0.0645710795207268,-1.4637233905878861
5,5,0.4,-1.6660142968559284,-0.033017372775180034,-1.2597600793240953
5,5,0.5,-0.8714888881864915,-0.0007530465416425533,-1.1398822574374363
5,5,0.6,-0.36404366584734843,0.010110966425890905,-1.028372496895276
5,5,0.7,-0.16559701685769979,0.01860325504358893,-0.9034463787005068
5,5,0.8,-0.006172292249132338,0.025378745869052012,-0.7740947252075643
5,5,0.9,-0.02038464174788874,0.02760402663099191,-0.7568098201696352
5,6,0.3,-3.39004899214872,-0.09528681397424368,-1.7778649300657476
5,6,0.4,-1.653099869241046,-0.03178554904006821,-1.2812094269874907
5,6,0.5,-1.6091160358372967,-0.027598537902719645,-1.3182988984950228
5,6,0.6,-1.2568804820601367,-0.02260511061667154,-1.2464998058672985
5,6,0.7,-1.1567454261740096,-0.017293944635812433,-1.0961387638585456
5,6,0.8,-1.093931383994998,-0.016330294632779373,-1.3379566768318212
5,6,0.9,0.08232843368908656,0.025955391673941553,-0.6295600389957884
5,7,0.3,-2.7039518578789914,-0.061778897031889435,-1.4881265639420915
5,7,0.4,-1.7488427285160615,-0.03093010631143801,-1.4655084971971628
5,7,0.5,-0.809203566268409,0.0017328062909932177,-1.060715876114054
5,7,0.6,-2.1425028534960946,-0.060089309347846974,-1.738174514433359
5,7,0.7,-0.007962162027170577,0.02570493570460013,-0.7388486335745112
5,7,0.8,-0.36874924395329317,0.011912675482943091,-0.8975372065537359
5,7,0.9,-0.09521536675381573,0.018736531412611435,-0.7458448543291011
5,8,0.3,-2.9198570575709324,-0.07035367143348722,-1.6147171330882268
5,8,0.4,-2.0190650506962204,-0.04689453313732996,-1.5900604515772676
5,8,0.5,-1.0167848082640798,-0.010887622833889003,-1.2345833251191576
5,8,0.6,-1.3146459262112606,-0.022947278854550224,-1.22320474583848
5,8,0.7,-1.5256420852571506,-0.03294524101240249,-1.9121184523898276
5,8,0.8,-0.2437885131724244,0.013357716486115275,-0.7411390161317153
5,8,0.9,-0.011337522229763813,0.02017157641508655,-0.6316564495746427
5,9,0.3,-3.1996842862450463,-0.08111564470009701,-1.588050104576541
5,9,0.4,-1.5901977013401953,-0.025220288928150036,-1.2810401729776884
5,9,0.5,-2.1156796962790643,-0.047156261403851436,-1.6172927659189136
5,9,0.6,-0.9536783217834005,-0.010998247890672205,-1.0987501221666234
5,9,0.7,-0.6594660360352017,-0.00424805307549043,-0.8697458103384991
5,9,0.8,0.11553525799872019,0.03266511287495928,-0.7437240405236347
5,9,0.9,0.01958888104914543,0.023475119400162347,-0.747442738979454
5,10,0.3,-4.144495218269324,-0.12439775696271023,-1.734839264246684
5,10,0.4,-1.3217625018005337,-0.011724036910329564,-1.2894969848889146
5,10,0.5,-0.8668619387824419,0.0010264698885579203,-1.1935163440892096
5,10,0.6,-1.1320092405028923,-0.023048581516416335,-1.179885683275078
5,10,0.7,-0.13841623963770047,0.019797558684992993,-0.938102468719969
5,10,0.8,-0.5728794260308667,0.0019496591067462848,-0.7824998875665642
5,10,0.9,-1.6402172415006973,-0.03822632695556968,-1.3568766688794542
6,2,0.3,-3.06355901722792,-0.07529308988429066,-1.6172455597012145
6,2,0.4,-1.9124661383029682,-0.034827600897275615,-1.6492792804196148
6,2,0.5,-1.7406415380407205,-0.03238975566637892,-1.788343272742992
6,2,0.6,-0.47890408800161266,0.009875057030781077,-1.0538612683248372
6,2,0.7,-0.7497810182594994,-0.005659924187891734,-1.020515211837631
6,2,0.8,-1.3197318758825312,-0.02006089475347117,-1.7965054402898843
6,2,0.9,-0.6651833311064091,-0.001005510260654918,-0.9744447042197276
6,3,0.3,-4.075295416416835,-0.10940744297940204,-2.11958514419453
6,3,0.4,-2.040721397073551,-0.04008748420209137,-1.4547869533702567
6,3,0.5,-1.0692591267418783,-0.007262943038804014,-1.1773347849134879
6,3,0.6,-1.6255201936933348,-0.03461594610182215,-1.621689377792011
6,3,0.7,-1.000893425901187,-0.0017763557899424752,-1.2079077675755232
6,3,0.8,-0.14983379171024025,0.018253211398295745,-0.7952116680786427
6,3,0.9,-1.6908663470644862,-0.03666134776459936,-1.4937091821863062
6,4,0.3,-3.0824566818632158,-0.07424087497971861,-1.7251529652573403
6,4,0.4,-2.41661118401124,-0.06655189721977484,-1.4351253222180025
6,4,0.5,-1.972160172958483,-0.04526182173122339,-1.468927919832101
6,4,0.6,-0.527680687419145,0.003249120409029374,-1.097336979752254
6,4,0.7,-0.9878427354170185,-0.004491339566998081,-1.2060072882277437
6,4,0.8,-1.5531360728642423,-0.03108987219692395,-1.8376602240398834
6,4,0.9,-0.35553971105904286,0.009376386109639923,-0.8256887770067499
6,5,0.3,-3.545806709034204,-0.09517603385331819,-1.771780145344577
6,5,0.4,-1.7344235806039425,-0.033941131680926225,-1.3536627165995856
6,5,0.5,-0.7867102194716161,0.000603282064195958,-1.134754920524175
6,5,0.6,-0.8638624922472292,-0.007014209786048609,-1.1265749715097646
6,5,0.7,0.0523860284917018,0.031214526238123957,-0.8254625179772158
6,5,0.8,-0.41379329953734567,0.010252335289535496,-0.8977881355160955
6,5,0.9,0.008255790956540776,0.032818625026815415,-0.7424728967004972
6,6,0.3,-3.8751606903768714,-0.1165161734955283,-1.8752010730568374
6,6,0.4,-1.8439854375446334,-0.03490459098998841,-1.333804984846027
6,6,0.5,-1.9174006442698477,-0.03902301824762464,-2.2198988578275904
6,6,0.6,-1.2663345546883504,-0.020046646123219266,-1.2567889501503773
6,6,0.7,-0.5380123328948746,0.009295919961217317,-0.9158735638065393
6,6,0.8,-1.065402945055738,-0.013790299250470836,-1.3192743400548825
6,6,0.9,-0.2538047016221025,0.010407427797678726,-0.657240767149164
6,7,0.3,-3.43518515132143,-0.09131008467737138,-1.7559694394714305
6,7,0.4,-1.8607835069537835,-0.03590525995863396,-1.3252342706024052
6,7,0.5,-1.6255138347967197,-0.027528125476822003,-1.5865674607488882
6,7,0.6,-1.817827571099494,-0.03568957774204088,-1.8835466443192281
6,7,0.7,-0.27633235672312023,0.014324329034748298,-0.8524981567481417
6,7,0.8,-0.8306257022713804,-0.008383505895381662,-0.9013992681122743
6,7,0.9,-0.20065493909135299,0.01511808862444841,-0.7179032075972387
6,8,0.3,-2.9897175747282674,-0.07316625398214793,-1.6112021249447868
6,8,0.4,-2.1550889366460555,-0.05355743811940195,-1.4175574306401681
6,8,0.5,-1.4376154485348176,-0.029409126185215444,-1.1096712770841872
6,8,0.6,-1.188160085129801,-0.01657041553676715,-1.3041630230565995
6,8,0.7,-1.1635864355864645,-0.01679378506851203,-1.6417412563529457
6,8,0.8,-0.35408464043398374,0.01416082551903826,-0.9119832062519494
6,8,0.9,0.08461861761465872,0.02920097376506196,-0.6718863392122394
6,9,0.3,-3.7093275084242894,-0.09969391064139026,-2.1327041897418275
6,9,0.4,-2.554619303107166,-0.06575846760282573,-1.580066403355155
6,9,0.5,-0.633931388578826,0.013431319491271675,-1.1388883127387266
6,9,0.6,-0.8075456197651522,-0.001617583612006765,-1.1122687780245053
6,9,0.7,-0.6346106741591302,-0.0020027793345624586,-0.8621738229235333
6,9,0.8,0.12840563260149496,0.03227247268452079,-0.7386662035195624
6,9,0.9,0.20003065833359016,0.03409586504405413,-0.6476624408473036
6,10,0.3,-4.424969280674621,-0.13144465530552205,-1.8149977058428206
6,10,0.4,-1.7923616723087108,-0.017303908439326523,-1.4808674806346118
6,10,0.5,-0.9719200647326205,-0.0022850974436260337,-1.3202623479009408
6,10,0.6,-0.6577973881879664,0.009671972762933164,-1.234008884373101
6,10,0.7,-0.4534687529834214,0.011980602844182483,-0.9569576422836737
6,10,0.8,-0.42782424276314596,0.00992778874410209,-0.7854309584819861
6,10,0.9,-1.3438730043431397,-0.02518558739678424,-1.265738648679896
7,2,0.3,-3.0323547459299607,-0.07264905683379823,-1.5781939590925873
7,2,0.4,-2.348468067989969,-0.047076386405565517,-1.6276820451117164
7,2,0.5,-1.9802537372598674,-0.039510174490263304,-1.318059289526774
7,2,0.6,-0.7932363074119281,-0.0026121241664600263,-1.0001535412352622
7,2,0.7,-1.1058529699590263,-0.0018544273316364285,-1.6461580368009245
7,2,0.8,-1.3357874252782176,-0.02085494944256581,-1.4850431485512823
7,2,0.9,-1.1100659431488171,-0.01794266732846437,-0.8818585361501502
7,3,0.3,-4.075218684040769,-0.10879122568300108,-1.8946582357668824
7,3,0.4,-2.5729174999283098,-0.068511535887695,-1.5783427326714823
7,3,0.5,-1.6809821749900968,-0.030929027406178377,-1.3354166885229346
7,3,0.6,-1.129980355207573,-0.011753206836832746,-1.105305147350408
7,3,0.7,-1.598964044413609,-0.028983841246753878,-1.354934058100857
7,3,0.8,-0.7984183841494412,-0.003746277837171987,-1.2286924895526568
7,3,0.9,-1.5007261156943354,-0.025361568390553015,-1.295891282939641
7,4,0.3,-3.5066378852762163,-0.09401228581819003,-1.8252873909882226
7,4,0.4,-1.8443581214973424,-0.03790803429311498,-1.4225725000508014
7,4,0.5,-1.8316235402364414,-0.0331289349586386,-1.5495124015856496
7,4,0.6,-0.9717018671815899,-0.011812662916293407,-1.4150305842356896
7,4,0.7,-1.2372097690539536,-0.014135068211893574,-1.3150634554883176
7,4,0.8,-0.7980838247214841,-0.003947427828285805,-0.9286882131133195
7,4,0.9,-0.20458417445480087,0.019874268503630662,-0.8315746499553326
7,5,0.3,-3.5093433128466915,-0.08863442188447825,-1.7150750489555289
7,5,0.4,-2.2666570172290146,-0.049080987221403714,-1.567507428722614
7,5,0.5,-1.365158948249206,-0.018998062348916434,-1.215895430567595
7,5,0.6,-1.1818172358115977,-0.0136696942001393,-1.1565530128739427
7,5,0.7,-0.9953591889856642,-0.007465841484036971,-1.0648882000831275
7,5,0.8,-1.08698149140695,-0.01475313156516959,-1.0942295791381422
7,5,0.9,-0.2776811960736926,0.021731725348870697,-0.825501020665233
7,6,0.3,-4.001840955222693,-0.11715692518442512,-1.7799621628975382
7,6,0.4,-2.2514282860442836,-0.048659688902540625,-1.4236168001868745
7,6,0.5,-2.516406771943894,-0.06009330771224498,-1.5907838030957127
7,6,0.6,-1.2786103851260386,-0.016563314483655604,-1.2399469002504997
7,6,0.7,-0.6395342888968757,0.0027028795881839005,-0.9130567561669328
7,6,0.8,-1.1491627380341332,-0.016096773559011807,-1.1939896337796714
7,6,0.9,-1.0049504650421819,-0.012805046492121998,-1.5587125299862683
7,7,0.3,-3.020430168347541,-0.07548399137361358,-1.7375897519256918
7,7,0.4,-2.7314319797980855,-0.06686116107064517,-1.6316742222799907
7,7,0.5,-1.8694318252786093,-0.034671854384463296,-1.8152066246924454
7,7,0.6,-1.905523592623652,-0.04325786938303188,-1.7155516100695751
7,7,0.7,-0.5409050383219939,0.004836466489838041,-0.9195255810351896
7,7,0.8,-0.7898177881918704,-0.0067882221315991725,-0.9253521899302647
7,7,0.9,-0.4175395710490243,0.016509858263832153,-0.9279556549359537
7,8,0.3,-3.057720136341049,-0.0754641728066554,-1.4634502076914007
7,8,0.4,-1.8496463454657348,-0.037447150467466904,-1.4686975071574147
7,8,0.5,-1.5821568865293856,-0.033329273672607865,-1.2538314698563318
7,8,0.6,-0.7903583411292006,-0.0019959326369597924,-1.06549577554321
7,8,0.7,-0.7741683280475422,0.001766316299278017,-1.1018215288544266
7,8,0.8,-0.36428876471006383,0.012511329313517023,-0.8890002063093837
7,8,0.9,-0.37660855856463055,0.010248602384113547,-0.7710919486405107
7,9,0.3,-3.4409586877634477,-0.08641875787192785,-2.0500714306992998
7,9,0.4,-2.080259774148634,-0.047516064865658326,-1.618903961405745
7,9,0.5,-1.090785917766705,-0.006227547476608508,-1.2281184457162524
7,9,0.6,-0.8163503411478304,0.00420117452103535,-1.2306665835745338
7,9,0.7,-0.5681711699532583,0.003656768768085785,-0.9011220571460453
7,9,0.8,-0.09380254227576877,0.027181868629701057,-0.7818418690044201
7,9,0.9,-0.24492186505816502,0.016257590215882106,-0.6924748657627696
7,10,0.3,-4.446437821440184,-0.13152526080868546,-1.9490237202455205
7,10,0.4,-1.759784491752154,-0.02001956437554633,-1.505376488748787
7,10,0.5,-0.7141006365002032,0.005908366540706367,-1.160218357320954
7,10,0.6,-0.35376972336747153,0.020613222461396716,-1.017646124597387
7,10,0.7,-0.39625892151548897,0.020382955363717085,-0.9699511287579682
7,10,0.8,-0.3150094160184044,0.01992487949725713,-0.8311707495463115
7,10,0.9,-1.9168834833945978,-0.04696136360571666,-1.322659000624464
8,2,0.3,-3.37928412304795,-0.08528119911930152,-1.6405113524543586
8,2,0.4,-2.9706278878958123,-0.06916386388368104,-2.2851452525762244
8,2,0.5,-2.8858163350301416,-0.06683478659893367,-1.6783835803476936
8,2,0.6,-1.3310677978439427,-0.017179348095195765,-1.2757472646138932
8,2,0.7,-1.7748170682427575,-0.03911557450437421,-1.72208922354192
8,2,0.8,-0.9590093352536664,-0.009453214752516939,-1.1141268404245241
8,2,0.9,-1.3556121626538484,-0.023567005908115612,-1.0246866118448419
8,3,0.3,-4.421746262587158,-0.1255835704149878,-2.171906726330925
8,3,0.4,-2.1392601561718414,-0.0452992363828312,-1.4302551728551727
8,3,0.5,-1.7495657694797226,-0.032864415455570575,-1.4372458850840677
8,3,0.6,-1.472544670017734,-0.026558418371999112,-1.251809310099711
8,3,0.7,-1.975251819778313,-0.03859873401096551,-1.430528834864229
8,3,0.8,-0.8124123414296871,-0.0018545861308371294,-1.4757697299299006
8,3,0.9,-0.9932448961928957,0.0004046770959868634,-1.2173721815682743
8,4,0.3,-3.484535451047207,-0.08518548132128054,-2.079883320155501
8,4,0.4,-2.143251067543255,-0.045849918143316744,-1.4777962084915761
8,4,0.5,-1.594877891222065,-0.022290469086159174,-1.4473867790931312
8,4,0.6,-0.9308995742941137,-0.010274220003297495,-1.0037112314464443
8,4,0.7,-1.0455001445471424,-0.00995023858153709,-1.116901823649633
8,4,0.8,-0.8593961731162156,-0.009565757552132972,-0.9713914711698084
8,4,0.9,-0.17395169208920655,0.0222212030264609,-0.7882004946353806
8,5,0.3,-3.6317645758433175,-0.0905748490745781,-1.7405235986334504
8,5,0.4,-2.2886856299777927,-0.04806020585788631,-1.5085481399673561
8,5,0.5,-1.3721020599520848,-0.022434614592860044,-1.1840943288731602
8,5,0.6,-1.3120249373090407,-0.021929075199567147,-1.1705317385668583
8,5,0.7,-0.8193109805743954,1.2432920293511257e-05,-1.0136644110121655
8,5,0.8,-0.8255423410968138,-0.0038417502809499505,-0.9590326243580526
8,5,0.9,-0.7793208503059131,0.011230826692152295,-1.2904345448703811
8,6,0.3,-4.018571885527628,-0.11472103204410249,-1.7155459883747528
8,6,0.4,-2.4628796083919857,-0.055350121020962206,-1.7051032532094437
8,6,0.5,-2.14724461317277,-0.04696343707731648,-1.6409105611489239
8,6,0.6,-1.120254359344179,-0.010622461057415994,-1.0583891359995035
8,6,0.7,-0.8702812331505515,-0.00466257216599635,-0.9747524526701787
8,6,0.8,-0.9901705845519922,-0.006696320080931399,-1.261965169796453
8,6,0.9,-0.6339802983570063,0.0005003603294478198,-0.8790191124402513
8,7,0.3,-3.822540178922984,-0.10477799534593532,-1.8522487755429335
8,7,0.4,-2.8769924940222005,-0.07090546469813219,-1.5707277308714314
8,7,0.5,-1.1916712809682375,-0.005805344653361704,-1.1744152545045243
8,7,0.6,-1.9582403434614477,-0.04212186496699459,-2.2139525699535527
8,7,0.7,-0.7253913199129233,-0.003996054891939511,-0.9738287200269917
8,7,0.8,-0.8353549326907734,-0.005203598404213063,-0.9122099400817203
8,7,0.9,-0.6285188506357271,0.014044865555776609,-0.9882825440297024
8,8,0.3,-3.4859399244642892,-0.0921314591628163,-1.5709988409729343
8,8,0.4,-2.2339014531107266,-0.049807932470481465,-1.5731246006384707
8,8,0.5,-1.360779526065077,-0.02286975568604554,-1.214040810045376
8,8,0.6,-1.1576334740706145,-0.014310690617490202,-1.079813077149628
8,8,0.7,-0.5752961858242855,0.005810657966324527,-1.0874042486779711
8,8,0.8,-0.3104069010959859,0.013038857402537558,-0.8991487724072886
8,8,0.9,-0.30605526062884697,0.015109193920658626,-0.7275873360529479
8,9,0.3,-3.9548563930265215,-0.11021933496876155,-2.193398581409544
8,9,0.4,-2.0347154704942017,-0.04231321797693699,-1.6397361739736334
8,9,0.5,-1.7586513746785606,-0.03198402647277336,-1.3673783612958819
8,9,0.6,-0.9611995098548278,-0.00318581640556625,-1.1013614241407188
8,9,0.7,-0.4393722652055191,0.011486819720781517,-0.8400722596965398
8,9,0.8,-0.23618842733685602,0.019010247684863025,-0.7695711889392816
8,9,0.9,-0.5189672285881232,0.004670364121742713,-0.7462129555088218
8,10,0.3,-3.8056153224253184,-0.10374271520283813,-1.7807326255481652
8,10,0.4,-1.7225707990099886,-0.018617606734190703,-1.4291784296511973
8,10,0.5,-0.8284770427982104,0.003154329382362972,-1.1788815760615279
8,10,0.6,-0.8047313575507924,0.005328933020780516,-1.1558574159078285
8,10,0.7,-0.46491822960023155,0.011543347697225866,-0.9228296391390393
8,10,0.8,-1.0502222095774465,-0.007751385543408571,-1.0339560797202934
8,10,0.9,-2.301353567641061,-0.059693632895478625,-1.381056414243485
9,2,0.3,-4.81274417807986,-0.14266786985241992,-2.260597463140877
9,2,0.4,-3.6319454315652515,-0.09945279868927728,-2.626595824990193
9,2,0.5,-2.97092625043515,-0.07267778260960153,-2.445582341154048
9,2,0.6,-2.0282860783481493,-0.04139878066538095,-2.0916155050446448
9,2,0.7,-1.6654655606109445,-0.03901907169741871,-1.2850586827580306
9,2,0.8,-1.7565904806371022,-0.03413863373974137,-1.702747044665126
9,2,0.9,-1.6531308335288957,-0.03491621866018399,-1.7544668121869094
9,3,0.3,-4.490561972919886,-0.1290939884550889,-1.9664244536262234
9,3,0.4,-2.09996669117525,-0.03311374863723013,-1.9438670610930089
9,3,0.5,-1.8710572623152042,-0.037600314231914324,-1.3795297414939245
9,3,0.6,-1.231050428228497,-0.01712733134817596,-1.2298070535367236
9,3,0.7,-1.5163433139608025,-0.021640838386765324,-1.3756818918280986
9,3,0.8,-1.078524851571481,-0.010788931756360112,-1.417457374875751
9,3,0.9,-1.817119288560825,-0.03527414682927469,-1.3153854667703477
9,4,0.3,-3.789213720075676,-0.09520939831617414,-2.079670508807216
9,4,0.4,-2.161091671980981,-0.045095746850624986,-1.4508204309022463
9,4,0.5,-2.2108036478087576,-0.0456738323930063,-1.7849616037204576
9,4,0.6,-1.8693707410357776,-0.04237226570808156,-1.5935117613441288
9,4,0.7,-0.9412822073943876,-0.006768592611838758,-1.1974853774514544
9,4,0.8,-1.3497738121585259,-0.019925598274201806,-1.269621309895654
9,4,0.9,-0.7701707164426551,0.004506226615960848,-1.0244998528288327
9,5,0.3,-3.913446150729846,-0.10335223297155033,-1.9345895483823543
9,5,0.4,-2.682222361716404,-0.06268594763700809,-1.731605333757744
9,5,0.5,-1.9620893947621805,-0.039285464283060824,-1.942598493477992
9,5,0.6,-0.9918657581072421,-0.0053795489028908745,-1.0355961581601503
9,5,0.7,-0.7534414215299194,0.00317744682774726,-1.0055320545584807
9,5,0.8,-1.6547021318625577,-0.030306792290235023,-1.3908994977969926
9,5,0.9,-0.655886815681589,0.015497305731826342,-1.2152735595341626
9,6,0.3,-3.535279260465144,-0.0916998343905392,-1.7434997757470223
9,6,0.4,-2.5627465737846915,-0.06011544751134222,-1.4940891388185973
9,6,0.5,-2.5266361274728393,-0.05495770685594666,-1.7247129695726888
9,6,0.6,-2.104264067899958,-0.04731343623846806,-1.6974730808147216
9,6,0.7,-1.6777528242514959,-0.03314331250113051,-1.4709001333379355
9,6,0.8,-1.3879362879755561,-0.023563073887577952,-1.1785738907432122
9,6,0.9,-1.0964031905338114,-0.011796668837875444,-1.0646440866395332
9,7,0.3,-3.8205749541423777,-0.09992067513882658,-1.8470574705631526
9,7,0.4,-2.375338897369883,-0.053050239931937776,-1.5289492424691418
9,7,0.5,-1.3770370602883253,-0.014251646083281713,-1.1426795191594552
9,7,0.6,-2.0589524210398213,-0.04638928253825905,-1.8063053194067769
9,7,0.7,-0.4318553164482607,0.010718019923765348,-0.9991984004079387
9,7,0.8,-1.3106766849248093,-0.019505896990597318,-1.1229705148786495
9,7,0.9,-1.2168601387527378,-0.010684370318881666,-1.137611076114725
9,8,0.3,-3.764766071852714,-0.10459100624154768,-1.4807008331498055
9,8,0.4,-2.769176834870835,-0.07108694753413597,-1.7204816988776714
9,8,0.5,-1.5090270993373898,-0.023829263980610207,-1.3331950782159938
9,8,0.6,-1.4883591392570708,-0.023569188092755697,-1.4486815524670658
9,8,0.7,-0.6823379325197844,0.004480738411216287,-1.192081150839484
9,8,0.8,-1.41772783860065,-0.02826501058416204,-1.0036881606534993
9,8,0.9,-0.2929094631393411,0.012973783253296376,-0.79064374056304
9,9,0.3,-3.792459335833693,-0.10257101368239636,-1.9969627376706325
9,9,0.4,-1.7699631284325432,-0.03110614545348331,-1.555552183416953
9,9,0.5,-1.5099072653118804,-0.018506301788626837,-1.4290163775153637
9,9,0.6,-1.1630782212677966,-0.008417274772166626,-1.314664195835405
9,9,0.7,-1.6135236668006239,-0.03517239174163795,-1.3790213982299018
9,9,0.8,-0.41518715101043874,0.012100517098492965,-0.870781866651297
9,9,0.9,-0.29474223220829493,0.01578676052174596,-0.7801071561440734
9,10,0.3,-4.169086198419378,-0.1137294399639395,-1.993601902094336
9,10,0.4,-2.195092139125109,-0.03675176998561278,-1.4656096536708456
9,10,0.5,-1.793846916416471,-0.02970401518347844,-1.3533684932708363
9,10,0.6,-0.7216786215582454,0.004783901229992841,-1.1878002038577575
9,10,0.7,-0.763752800458382,0.0005370353420718244,-1.0193795612159986
9,10,0.8,-1.0008206975266496,-0.008903823412064998,-0.9921896517594649
9,10,0.9,-1.821236512465895,-0.042662159558976925,-1.233435099481516
10,2,0.3,-4.067113741981992,-0.1006021451875763,-1.991482449969924
10,2,0.4,-3.2853255735556983,-0.08485333576017805,-2.9249721731570224
10,2,0.5,-2.8978361406856896,-0.07046806365135758,-2.862505557292155
10,2,0.6,-2.296207957463726,-0.05483499288519282,-1.5621823727031292
10,2,0.7,-2.6385219131922333,-0.0653342698044511,-2.309436024738115
10,2,0.8,-2.698625702619814,-0.07135237664619379,-2.0713940906894797
10,2,0.9,-1.618742588418316,-0.028689174509915465,-1.6959956828550407
10,3,0.3,-4.591379582402853,-0.13293028716384614,-2.0285767989599828
10,3,0.4,-2.8942001527084242,-0.0667939836029968,-2.2922759410888256
10,3,0.5,-2.6426700571307222,-0.061444188673170655,-1.7262843346548393
10,3,0.6,-1.9760236260948052,-0.04565823296624359,-1.5901940232477194
10,3,0.7,-1.5209579963852433,-0.01892192933066586,-1.4054259222588654
10,3,0.8,-1.297576894089074,-0.017246170662871162,-1.3827311612778197
10,3,0.9,-1.601724846836896,-0.024979870032483118,-1.3368994816612236
10,4,0.3,-3.7430160543796385,-0.08901409557618303,-2.122182252162946
10,4,0.4,-2.4209270165852814,-0.052235783558804746,-1.5802865910003294
10,4,0.5,-2.3731980580207974,-0.04924114134221484,-1.7340191540403485
10,4,0.6,-1.698793398694327,-0.036163231591042615,-1.439061199532222
10,4,0.7,-1.4392900400017357,-0.028152676390816467,-1.1291132410257982
10,4,0.8,-1.3242112314633077,-0.01988646015290621,-1.3735097539999779
10,4,0.9,-1.2432837503243495,-0.015147113943866735,-1.4964844196670084
10,5,0.3,-4.124381932125809,-0.10662229369805772,-2.0385621625874224
10,5,0.4,-2.5944926279475573,-0.06031757040212064,-1.7033824598444205
10,5,0.5,-1.524774225498081,-0.02404491294791016,-1.35990807933333
10,5,0.6,-1.2060007597070461,-0.01654229827236555,-1.210156109302787
10,5,0.7,-1.265824487343352,-0.012327570041703467,-1.3560310608367474
10,5,0.8,-1.6839754153101167,-0.030910527712285286,-1.245758543041005
10,5,0.9,-0.9587831004798234,0.0048909671781851944,-1.396134919898255
10,6,0.3,-3.819969554522578,-0.10300954296981739,-1.6574157518592956
10,6,0.4,-2.941100403890923,-0.07705499945105183,-1.661515287465713
10,6,0.5,-2.332305583841941,-0.051071956805889475,-1.6364231865270766
10,6,0.6,-1.8006323575960377,-0.03216353778882551,-1.651783507901295
10,6,0.7,-1.4779331525157242,-0.022982461326750792,-1.4444988097824853
10,6,0.8,-1.4300573209503071,-0.025869148970162903,-1.2557694916180364
10,6,0.9,-1.192785248474105,-0.01425619706398265,-0.938650394498444
10,7,0.3,-4.528767007880086,-0.12881397272037662,-2.342913608619596
10,7,0.4,-2.9794016510717056,-0.07565237377834069,-1.6299399973021482
10,7,0.5,-2.0271442149108228,-0.03993246301168705,-1.4737672771255619
10,7,0.6,-2.0395872325838607,-0.04400428038586785,-1.7213774877903845
10,7,0.7,-0.578956890853543,0.006394911542966663,-0.9738197306408105
10,7,0.8,-1.0943371184629778,-0.009168457222256437,-1.0490770347572664
10,7,0.9,-1.1973828672429363,-0.010655043072808904,-1.1708834686929195
10,8,0.3,-3.6026807389046143,-0.09640029303984855,-1.6165234544287883
10,8,0.4,-3.3234096497048844,-0.08323991821582681,-2.113546187000681
10,8,0.5,-1.4881494970773166,-0.023102204771439514,-1.3859096712224386
10,8,0.6,-1.180037883652483,-0.008348793601049894,-1.2024811655714707
10,8,0.7,-0.47336430475997276,0.012509697929847203,-0.965730936838051
10,8,0.8,-1.174984099101387,-0.020479313263868513,-1.0404917592069434
10,8,0.9,-0.6238232260690857,0.002736633512028574,-0.8205235767455141
10,9,0.3,-4.220120626548033,-0.12482545889836927,-2.0504105309384535
10,9,0.4,-2.185226205800366,-0.04446479139758293,-1.8770245589543992
10,9,0.5,-2.22585188983784,-0.04849142869415295,-2.1187885024701005
10,9,0.6,-1.870305102710884,-0.034574190701881356,-1.4716335605428896
10,9,0.7,-1.382931260899055,-0.020224465503929777,-1.1831573066377101
10,9,0.8,-0.36476905380632363,0.020838079235276103,-0.9225822636792257
10,9,0.9,-0.5791373485204124,0.007110043051632721,-0.9108591531627279
10,10,0.3,-4.075120508497241,-0.11161317196215266,-1.9177609323628215
10,10,0.4,-2.381249626662503,-0.04831281859329574,-1.5075936761724134
10,10,0.5,-1.991315309675328,-0.03788068291720474,-1.4283704791237386
10,10,0.6,-0.8101719030152221,0.005493043040559692,-1.1108080023806794
10,10,0.7,-0.5389269616983802,0.008834731722475212,-0.9610961823214257
10,10,0.8,-0.9883734565425162,-0.0048436951576621,-1.0291358206232508
10,10,0.9,-1.8040670139182502,-0.040138754243817,-1.3638937999636758
15,2,0.3,-6.187331032814773,-0.18574478794218285,-3.534485464659587
15,2,0.4,-4.481977236400322,-0.13023718338901188,-2.71286074710027
15,2,0.5,-3.314282021345475,-0.08946484697917759,-1.7220874865904146
15,2,0.6,-2.648751952990344,-0.0670688312830642,-1.7348852533471644
15,2,0.7,-3.0292900927914226,-0.07387376134578003,-2.005115704987086
15,2,0.8,-2.925135033319124,-0.07567616090023242,-2.130008442875147
15,2,0.9,-2.3026633095346174,-0.054450544216867784,-2.472344620879359
15,3,0.3,-5.53859880659947,-0.16479546647606327,-3.0256687975047205
15,3,0.4,-3.261383123723674,-0.08425598984966995,-1.8242390544754736
15,3,0.5,-3.6069105320909007,-0.09783609753973083,-2.484621738051233
15,3,0.6,-3.2662291866446176,-0.09242973854709874,-2.1705080147794438
15,3,0.7,-2.6975176790409856,-0.06220910390724261,-1.632710054029417
15,3,0.8,-1.2753713339587016,-0.016539002573113373,-1.1763637706724779
15,3,0.9,-1.7869205748234045,-0.034124060959538044,-1.403573593670333
15,4,0.3,-4.732104547938678,-0.1327983707703758,-2.2954698461262257
15,4,0.4,-3.6938936021569284,-0.10058938815413815,-2.0155703679030417
15,4,0.5,-3.1583506405962405,-0.07789876568591757,-1.7430695330166452
15,4,0.6,-2.1690353539779434,-0.052571290775429054,-1.7148922627456262
15,4,0.7,-1.9392473600299551,-0.03573471271526961,-1.7556154757686244
15,4,0.8,-2.620497404021803,-0.06926473986793116,-1.6791832223826693
15,4,0.9,-1.7180219255863578,-0.034199587305314354,-1.3843519794610766
15,5,0.3,-4.867482179920036,-0.13800083775434333,-2.238803240978759
15,5,0.4,-3.329906429057415,-0.08727971395254437,-1.8855294645623895
15,5,0.5,-2.133662714209854,-0.04771810145558922,-1.375017783517608
15,5,0.6,-1.098293443442073,-0.013880482105299316,-1.0751274813666059
15,5,0.7,-1.407180555080574,-0.020444749902793043,-1.2450454767758106
15,5,0.8,-2.3534420013067554,-0.06321532327233047,-1.3853375334309344
15,5,0.9,-1.645754065284809,-0.029032190080335196,-1.516947203772395
15,6,0.3,-4.398412008070933,-0.12097309495200914,-1.7974675172259134
15,6,0.4,-2.7854876801219084,-0.07086015032483813,-1.5620144499953026
15,6,0.5,-2.51479955587044,-0.057603486190464265,-1.6821046830312967
15,6,0.6,-2.2446865954114,-0.04983416424491206,-1.4348354088857558
15,6,0.7,-2.0532629535303855,-0.045219975356056506,-1.3584565148871106
15,6,0.8,-1.4651416302605598,-0.02203955737928771,-1.408881042221354
15,6,0.9,-1.3760431075903647,-0.02513542715728866,-1.1971543519798449
15,7,0.3,-4.816878111648605,-0.1384909865669447,-2.048621407922895
15,7,0.4,-3.315644406262492,-0.08423746069287727,-1.766614890167918
15,7,0.5,-3.189097931860842,-0.08326726838022135,-1.8139911561874567
15,7,0.6,-1.939514425212899,-0.037698001406318474,-1.3886099325947143
15,7,0.7,-1.7029026013600557,-0.034362674210680684,-1.197459844016273
15,7,0.8,-2.2765200564954737,-0.05051181197184355,-1.600556034126506
15,7,0.9,-1.8829517673984133,-0.032839872163378886,-1.6684872587373978
15,8,0.3,-4.787154410884417,-0.13319849975729156,-2.1421863758017716
15,8,0.4,-3.204348626168051,-0.08035336567261574,-1.6451567381669647
15,8,0.5,-1.5129352793131343,-0.019595381064138627,-1.2667121670033952
15,8,0.6,-1.4235939182103625,-0.01815858303946043,-1.2854853522894945
15,8,0.7,-1.6735580749354566,-0.033220253417927025,-1.1655091926723409
15,8,0.8,-1.3933509008651332,-0.025831549857747535,-1.0920441248207844
15,8,0.9,-0.8050435578564491,-0.0003530897099666174,-0.9630555389287326
15,9,0.3,-4.873502948717536,-0.14401083211864538,-2.158683501499145
15,9,0.4,-3.4870129815029167,-0.09143117589685698,-1.7650965235744758
15,9,0.5,-3.247149781797195,-0.08379437123588336,-1.7041606245665675
15,9,0.6,-1.7923648340098906,-0.0317209858564405,-1.3275424728183132
15,9,0.7,-1.535712795929187,-0.0240763552185852,-1.2654598935711585
15,9,0.8,-1.0901273900463433,-0.009470065958489994,-1.0712431814605405
15,9,0.9,-0.9298924335680098,-0.0051529996067458915,-0.9938129327971775
15,10,0.3,-4.406313811773507,-0.12154279612900429,-1.908716053529965
15,10,0.4,-2.8909832186087945,-0.06747178546945726,-1.4745664536441778
15,10,0.5,-2.3608776177815742,-0.054712982907974314,-1.4784102531310177
15,10,0.6,-1.4807429075225302,-0.02038446109516299,-1.2307330485596486
15,10,0.7,-1.0257662275832862,-0.009624193755893237,-1.0566545694496325
15,10,0.8,-1.3642280527771824,-0.021819880080053023,-1.1127786645236561
15,10,0.9,-1.847864302282179,-0.030242308515960523,-1.34913877010221
