5,2,0.3,-4.794322852400149,-0.12136639466614527,-2.110982151330357
5,2,0.4,-2.7224372915730477,-0.03739943492989826,-1.108413459114336
5,2,0.5,-1.5515136542627035,-0.013127102446679816,-1.0111502799091623
5,2,0.6,-1.4473871374943177,0.0026656499460513084,-0.9567021391996018
5,2,0.7,-0.7414322114828164,0.018209956738145155,-0.757932227343791
5,2,0.8,-1.9856778689561403,-0.02359478433626851,-1.395461832591189
5,2,0.9,-1.6356328586669258,-0.023111470718796736,-1.913671557047009
5,3,0.3,-5.281938190755658,-0.14361998258195954,-1.9605593433177606
5,3,0.4,-3.01818345265555,-0.06000921927154855,-1.554411645117867
5,3,0.5,-2.455768129890063,-0.04618743383225627,-0.9413494696174907
5,3,0.6,-1.4388499919118802,-0.003992315631890603,-0.968619931499979
5,3,0.7,-0.9994631004681873,0.01206545072998445,-0.7020129314079799
5,3,0.8,-0.6761335483985879,0.01615725203896157,-0.6181340283154498
5,3,0.9,-0.9530357236287742,0.004327502663397652,-0.7220706626140997
5,4,0.3,-4.243217926826677,-0.10068150613095254,-1.7447848848482885
5,4,0.4,-3.229545923428092,-0.04954424756494435,-1.2857771047414406
5,4,0.5,-1.6025770835783935,-0.007807022346207888,-0.8353597580208649
5,4,0.6,-1.2245149469411207,0.004732446218318561,-0.8854135372403663
5,4,0.7,-1.3248878274236635,0.006853734400284061,-0.8732929716853525
5,4,0.8,-0.45791822476587835,0.022990989727309275,-0.7137839342592739
5,4,0.9,-0.361959043486961,0.020670205272619792,-0.6197271905974319
5,5,0.3,-4.169703122018454,-0.10091789052354314,-1.6010091323934401
5,5,0.4,-2.6697659434594305,-0.03478178798517271,-1.0926595240182504
5,5,0.5,-1.9751491901157714,-0.027418585665847806,-1.0732517125818872
5,5,0.6,-1.7504147233552239,0.002227162756299029,-1.118415401979608
5,5,0.7,-0.8665965812174763,0.019367451494845617,-0.7007302239957129
5,5,0.8,-1.1089824694844255,-0.0008416492119414698,-0.7164833369933571
5,5,0.9,-0.2794037295613837,0.014698344880918816,-0.5877419310287448
5,6,0.3,-4.130601781171842,-0.10581878164859834,-1.250975443867686
5,6,0.4,-2.4027525101359637,-0.03719683613896602,-0.9283971831033033
5,6,0.5,-1.9752764307359905,-0.01726766149765876,-0.9767028207698975
5,6,0.6,-0.948218911329807,0.017809901251152872,-0.817013617837875
5,6,0.7,-0.565557539597925,0.013906455256034372,-0.7192085279896457
5,6,0.8,-0.7285166112740551,0.009422047355825969,-0.6732319115714527
5,6,0.9,-0.5038196967729693,0.009468287722601795,-0.5745737173498708
5,7,0.3,-4.328837813275224,-0.1091109910595007,-1.0888850361922626
5,7,0.4,-2.7127880958404775,-0.04072240025112282,-1.182176845614018
5,7,0.5,-1.7946572280890671,-0.017940368441000294,-0.9872723709555231
5,7,0.6,-0.9270469001678915,0.010104583666649389,-0.7433647486377749
5,7,0.7,-1.2666794213012755,0.001895731217004704,-0.7849215805236784
5,7,0.8,-0.24423879929232256,0.02760607207826395,-0.8801268471245377
5,7,0.9,-0.7165499680449267,0.008766165702788622,-0.8614581853551169
5,8,0.3,-3.6077188916650345,-0.0697194853541526,-1.0074485004452025
5,8,0.4,-1.9745338799966383,-0.013915200031340239,-0.9120576199819906
5,8,0.5,-1.7426398589226104,-0.019679282051867766,-1.0411266713476852
5,8,0.6,-1.1815968481955905,0.004660256506348094,-0.7134615322381639
5,8,0.7,-0.9304892169516243,0.024381248191593877,-0.7929718356628611
5,8,0.8,-0.5745092592250884,0.017919169214460195,-0.7430041858536416
5,8,0.9,-0.9760603789390748,0.006904479998036728,-0.918592451286772
5,9,0.3,-4.240619899555899,-0.087504646752694,-1.4799961996234385
5,9,0.4,-2.425124986931653,-0.029578719267538495,-0.9108668741627831
5,9,0.5,-1.5499173857290502,-0.0016150635430058804,-1.010676444749888
5,9,0.6,-1.2586220763296256,0.007543347247684945,-0.9376061178237087
5,9,0.7,-0.45741203539790076,0.022166923014045214,-0.8280519387396119
5,9,0.8,-0.5914595407239025,0.014906062667701192,-0.7711740504197885
5,9,0.9,-0.3844867933754729,0.014139854276686226,-0.5582458981023619
5,10,0.3,-3.945145116410142,-0.08664146798662148,-1.3114425045189873
5,10,0.4,-2.198754948198738,-0.02414807742710178,-1.091366310703447
5,10,0.5,-1.8073272008648107,-0.012277675079418907,-0.8494048846184932
5,10,0.6,-0.8748107705513599,0.012362699131060676,-0.7293135599836198
5,10,0.7,-0.9932687737058788,0.0109853495687094,-0.6890643241203815
5,10,0.8,-0.44846713935391813,0.022511888028421523,-0.658767769002918
5,10,0.9,-0.3877509696874323,0.012727996380285156,-0.584220076322286
6,2,0.3,-4.664502875353086,-0.1148671033828017,-1.7877783777589638
6,2,0.4,-2.1839627758945883,-0.02321821911919535,-1.0241078832523036
6,2,0.5,-2.295945799891792,-0.043152311351043304,-1.1367544883692877
6,2,0.6,-1.013202786802293,0.012449396617016294,-0.898561104651924
6,2,0.7,-0.42727624081838855,0.03586595649474713,-0.6834980254844343
6,2,0.8,-1.484843881521117,-0.007887058993790818,-1.036380993916734
6,2,0.9,-2.0180677912803886,-0.037887989228905156,-2.375177443983535
6,3,0.3,-5.676217704273096,-0.1622128885440823,-1.9787307810696422
6,3,0.4,-3.6740911129791254,-0.08867219388626539,-1.6682398282921571
6,3,0.5,-1.8409463432064914,-0.009594600176611255,-0.987832525488784
6,3,0.6,-1.6732678143401876,-0.013277622843546546,-1.14986262703957
6,3,0.7,-1.2638932208436016,0.00872720050821471,-0.9739534163534214
6,3,0.8,-0.4914069813882316,0.02682896868508215,-0.7104931041504216
6,3,0.9,-0.6853279723405347,0.02016786818822497,-0.6736652639002173
6,4,0.3,-4.697088578057994,-0.11635313153631228,-1.7272477148532273
6,4,0.4,-2.6215646123775267,-0.026605121744651534,-1.23802769295124
6,4,0.5,-1.6991196380693812,-0.015501229836260835,-0.9279748893721808
6,4,0.6,-2.9006545004178856,-0.06580208301641301,-1.670773496345997
6,4,0.7,-1.540344704871633,0.0040914254942608285,-1.0474640297603575
6,4,0.8,-2.033377881213153,-0.026001562418246808,-1.606300869351302
6,4,0.9,-0.6732510652381181,0.010003697553877427,-1.0407097762698891
6,5,0.3,-4.885742113385587,-0.1293040352911796,-1.809259737363884
6,5,0.4,-3.109477817810408,-0.05482703821476798,-1.162880015890998
6,5,0.5,-1.7008771281702553,-0.00574511237509211,-0.9967537662139149
6,5,0.6,-1.6571314641214308,0.004796731904821073,-1.1225850939472286
6,5,0.7,-1.4088416422971335,0.012663728482412782,-1.109239492008526
6,5,0.8,-1.344099734577125,-0.0003140303055759041,-0.9307444603810989
6,5,0.9,-0.4115166459888642,0.0247416423556918,-0.5423909480331378
6,6,0.3,-3.555544826031046,-0.07715766097045693,-1.169321199506902
6,6,0.4,-2.5757811503281247,-0.043606756715945404,-1.043645766372627
6,6,0.5,-1.670967198587528,-0.007540733983756524,-0.8375815147189626
6,6,0.6,-1.3184789594449993,-0.00028980188068599734,-0.8130413502637266
6,6,0.7,-0.7563878382711722,0.021889869755550646,-0.762578722312306
6,6,0.8,-0.8206908923607644,0.01034852932776281,-0.7997325030012172
6,6,0.9,-0.11597091969356439,0.04275066146299033,-0.6052567965679397
6,7,0.3,-3.513572302442314,-0.05514869014412205,-1.1395016514666534
6,7,0.4,-2.1404852233694722,-0.022740347215093232,-1.112416679167131
6,7,0.5,-1.7339353550998682,-0.018058655672010055,-0.9234654177491017
6,7,0.6,-1.118628756702482,0.007157008808455466,-0.7836369335383458
6,7,0.7,-0.7759420153386767,0.017714471593436646,-0.6787489592437387
6,7,0.8,-0.9298555906540127,0.0006975102382595864,-0.7280203543251491
6,7,0.9,-0.5783271662384354,0.006681311392857998,-0.663931847120138
6,8,0.3,-4.11292077342105,-0.08405653029576408,-1.3465464680090105
6,8,0.4,-1.4605479561622532,0.0016906852725246553,-0.8609577897047184
6,8,0.5,-1.5597212125205366,0.0018371859691153408,-0.906533899887274
6,8,0.6,-1.7012520712170547,-0.010659366613824833,-0.8885219054181057
6,8,0.7,-0.6197970951069268,0.0316958774358884,-0.7833642660549684
6,8,0.8,-0.42035954521490965,0.038933084533959564,-0.7800153959598087
6,8,0.9,-1.0971673960285309,0.014559416772251456,-0.8791464138168275
6,9,0.3,-4.819988643344663,-0.12175372855595062,-1.6718416153550628
6,9,0.4,-3.135376731921508,-0.06489359794542728,-0.9966897097290817
6,9,0.5,-1.563056366584869,0.010495042082610366,-1.0650548396280632
6,9,0.6,-1.1810337930347714,6.439171880231846e-05,-0.8957266795551041
6,9,0.7,-0.8466697195954233,0.013375508659099039,-0.6883828590113974
6,9,0.8,-0.6349456008524422,0.021286635924522023,-0.7875639085682785
6,9,0.9,-0.7850303683947585,0.01682208677712502,-0.6802863652946144
6,10,0.3,-4.0334957442046475,-0.08713983969882151,-1.1924835466496002
6,10,0.4,-1.8842335772604846,-0.01195926848216631,-0.8887219667179768
6,10,0.5,-2.1331478308034133,-0.012268668661292158,-1.2764035111451757
6,10,0.6,-1.567312403955774,-0.007266981674030404,-0.8506698855941842
6,10,0.7,-0.9347630108535855,0.009780848740772894,-0.8012646872894527
6,10,0.8,-0.6415733779251283,0.026025008512696828,-0.7054461921822327
6,10,0.9,-0.8118927164719532,0.006507080659711783,-0.8252980188300874
7,2,0.3,-4.412832570160028,-0.10614026245858652,-1.651027445694385
7,2,0.4,-2.824358236065869,-0.051222059374654946,-1.1193963293942364
7,2,0.5,-1.562868668930653,-0.01263826077798892,-1.0236023497175666
7,2,0.6,-2.743286796994091,-0.05251078878556999,-2.0239162608699544
7,2,0.7,-2.8711117196726055,-0.06360734579470306,-1.5300182710434478
7,2,0.8,-1.37290395345168,-0.0027158849022515786,-0.9946910962983672
7,2,0.9,-2.319170736045506,-0.05042207171148153,-1.9074185852548182
7,3,0.3,-4.430301223783713,-0.10431612515953169,-1.1393442075931337
7,3,0.4,-4.659297200328872,-0.12735102320094208,-2.5799625997805378
7,3,0.5,-2.734915071643797,-0.052685058737382176,-1.3238349764378032
7,3,0.6,-2.235292114608462,-0.03965392513301728,-1.3275127773168056
7,3,0.7,-0.927694713961904,0.02558590624122486,-0.8442299089517513
7,3,0.8,-1.515662408620841,-0.011111491758260175,-0.9787338097778097
7,3,0.9,-1.6187300438348582,-0.023106352014043458,-1.4245734533014658
7,4,0.3,-4.444791872061949,-0.10589816139007306,-1.7149335730445505
7,4,0.4,-2.694582159706941,-0.034988023509410784,-1.0176054078870673
7,4,0.5,-2.4715797572342133,-0.042022285223473635,-1.431259235438388
7,4,0.6,-2.723742457353466,-0.04009900104325942,-1.6101632165566748
7,4,0.7,-1.851942989875478,-0.009901438226507523,-1.544910630488134
7,4,0.8,-1.56438118068014,-0.011510863460731702,-1.0639592184304076
7,4,0.9,-0.28090572807894165,0.031449243875650006,-0.6514429141484674
7,5,0.3,-5.302185457865676,-0.1466699674446486,-1.6046221711305877
7,5,0.4,-2.67843829563779,-0.0425579156277177,-1.085215790088988
7,5,0.5,-2.412092418643627,-0.0285402619026901,-1.3180404736318978
7,5,0.6,-2.0349266955129695,-0.027173465590406374,-1.3190027538287918
7,5,0.7,-1.3009835968492511,0.0006556165747233509,-0.8972650670267653
7,5,0.8,-0.9345270090316651,0.007428798032774036,-0.8159262237104036
7,5,0.9,-0.37207264171006,0.0329330492277145,-0.6508913126879234
7,6,0.3,-4.44806659684605,-0.10738323608527207,-1.5129057127086993
7,6,0.4,-2.3477370003868194,-0.03266356567113104,-1.0669600201994676
7,6,0.5,-1.868944657816542,-0.017337828512348927,-0.9560480764060297
7,6,0.6,-1.2129758771355859,0.007695979820099883,-0.8387331390858633
7,6,0.7,-1.1571202992546008,0.008700728062053357,-0.8619730478777268
7,6,0.8,-1.2126930142859196,-0.005305145335197085,-0.8489593937616811
7,6,0.9,-0.02113331892891521,0.04818670279063636,-0.6787290070499579
7,7,0.3,-4.88625340525288,-0.11653120136499083,-1.8779917987029255
7,7,0.4,-3.0248208644361076,-0.05934346860137104,-1.4006715282748554
7,7,0.5,-1.673950314601594,-0.0030847905436620477,-0.9244379364816302
7,7,0.6,-1.5824091046442799,-0.012237634492608325,-0.8703837998903878
7,7,0.7,-0.6389601317446792,0.027367269253681985,-0.7581834563792917
7,7,0.8,-1.1999743516273165,-0.009275523865850668,-0.8753268433665166
7,7,0.9,-0.8953284432821803,-0.0027619749939174314,-0.8840516592499199
7,8,0.3,-4.130557022891716,-0.08877092533460752,-1.4946127153056232
7,8,0.4,-3.622099787298551,-0.06844687162743969,-1.7925737662609542
7,8,0.5,-1.868999732660651,-0.01755764424344011,-1.0239340741012122
7,8,0.6,-1.848994830164583,-0.021288086378063457,-1.0775254745313496
7,8,0.7,-1.125973797542065,0.014672707192084956,-0.8432169099501473
7,8,0.8,-1.2492355556630197,-0.009273935880309057,-0.9802130389430707
7,8,0.9,-1.730258758146054,-0.021074892661320652,-0.9105296422504316
7,9,0.3,-4.780707578572994,-0.12723840817327697,-1.8164306061330588
7,9,0.4,-3.044098520831786,-0.05528843732211715,-1.0707230265159047
7,9,0.5,-1.4268145319487875,0.0041220826239904695,-0.9363099728540636
7,9,0.6,-1.0757248356792866,0.01229110715228269,-0.759796766363845
7,9,0.7,-1.282850193114522,-0.003559571497106939,-1.0217410011360182
7,9,0.8,-0.7488333220629271,0.016915706898824368,-0.9292553422794413
7,9,0.9,-1.148346306820119,-0.0037377207729081163,-0.8341744916902885
7,10,0.3,-5.055394878937817,-0.13468016833296154,-1.449930807629969
7,10,0.4,-2.5803758385581608,-0.03979003650807301,-1.1942894945874323
7,10,0.5,-1.9255388616438631,-0.004091858024901219,-1.12973383962373
7,10,0.6,-1.5423160473907023,-0.012262245268396038,-0.8451894819959176
7,10,0.7,-1.172251284565101,0.003971561358839522,-1.0071299025631235
7,10,0.8,-1.436077002018202,-0.0043171453165126656,-0.8141619014113421
7,10,0.9,-0.4794890719760464,0.009749794330255484,-0.7147494725090563
8,2,0.3,-5.517180701612563,-0.148746234935618,-2.813705402635658
8,2,0.4,-3.488432226974223,-0.0768092070928081,-1.5959601989413017
8,2,0.5,-3.01490293053801,-0.06227895509184936,-2.0431227113898105
8,2,0.6,-2.224356123807607,-0.031027970462482096,-1.6647433612721438
8,2,0.7,-2.811459733416596,-0.05890884349829352,-2.478520485976942
8,2,0.8,-1.875765601902709,-0.024159936753604793,-1.5838544862800352
8,2,0.9,-1.7918762390880238,-0.03263344972546969,-1.2282660560914453
8,3,0.3,-5.49904991197684,-0.1532186967385426,-1.5810948204828739
8,3,0.4,-4.429670643610977,-0.1107765098392829,-2.2614147379502563
8,3,0.5,-2.0095885815991696,-0.025534153267497396,-1.094908986782795
8,3,0.6,-2.924718276609629,-0.061020421723722004,-1.3427190587578526
8,3,0.7,-1.1820568476910944,0.005671483410983044,-0.8173850731237982
8,3,0.8,-2.1136542752324035,-0.03460154761855873,-1.7572439152230435
8,3,0.9,-1.7930780518529033,-0.0291236157720979,-1.3827119916198456
8,4,0.3,-4.45293975070927,-0.10847050595990787,-1.5127168218947695
8,4,0.4,-4.08433326058829,-0.09513766667500223,-1.7424742578469952
8,4,0.5,-2.8129932545299052,-0.061248431915692625,-1.4140289134616788
8,4,0.6,-3.039583447017936,-0.06985752126311086,-1.9760173123850422
8,4,0.7,-1.7270722670826895,-0.010299887529843324,-1.0551384505280232
8,4,0.8,-1.4441304016995797,-0.013242546454786543,-0.9268521207303215
8,4,0.9,-0.374643802199465,0.022718350439070174,-0.6919538242709924
8,5,0.3,-4.033353815095902,-0.09197058906862088,-1.626507584376525
8,5,0.4,-2.8875133814258507,-0.05163497130554005,-1.0567818193734024
8,5,0.5,-2.537275831024271,-0.045490157814552096,-1.3549714906626136
8,5,0.6,-2.116527134102106,-0.025352428017543012,-1.11064033067359
8,5,0.7,-1.9870498086697113,-0.024650073065822828,-1.343303859805151
8,5,0.8,-1.9003804334318768,-0.025572013214905008,-1.2643387612454653
8,5,0.9,-0.8545170901387038,0.013088094227122473,-0.9429314852438604
8,6,0.3,-4.410634814668877,-0.10646519137629067,-1.3539242412312498
8,6,0.4,-3.1045553458298683,-0.06325799742563834,-1.5277307656939676
8,6,0.5,-2.7802684232488475,-0.05662260658442793,-1.1740221055943008
8,6,0.6,-1.7634801412216534,-0.01754130431672165,-0.8275149502975158
8,6,0.7,-1.4701868205249715,0.0011690878626189017,-0.8912027781258708
8,6,0.8,-1.4277702263330694,-0.010070375590564607,-0.7986606552885058
8,6,0.9,-0.8748717841015252,0.00730546471380213,-0.7378452257405269
8,7,0.3,-4.926294523653848,-0.12063579459749726,-1.9367703065115833
8,7,0.4,-3.21570910157007,-0.06570070197914007,-1.3299956205445387
8,7,0.5,-1.9377705105745935,-0.01343086744999892,-1.0354430016110858
8,7,0.6,-1.0815339968551794,0.01654595584636835,-0.899166943217347
8,7,0.7,-0.9272712132918496,0.01650236877248326,-0.7904295537469266
8,7,0.8,-1.0753297686674286,0.003457101731394648,-0.8581938617434403
8,7,0.9,-0.7722604269210807,0.002103281632220398,-0.8424820104258982
8,8,0.3,-4.200292323416688,-0.08761833724292709,-1.3126634022804273
8,8,0.4,-3.6215716077596074,-0.07693498559784576,-1.4348571821332312
8,8,0.5,-2.9412648793118508,-0.04939111830979069,-1.1448789191632356
8,8,0.6,-2.335812812065554,-0.0327219456275522,-1.284835667849722
8,8,0.7,-1.0800840645276095,0.01534252937038485,-1.1138618001639813
8,8,0.8,-1.2128582964190509,0.011613175696818228,-0.9120093856084094
8,8,0.9,-1.2349992593783499,0.0007939860115087714,-0.8733884600346629
8,9,0.3,-5.088115718344792,-0.13392747494959434,-2.0894223013133186
8,9,0.4,-4.483593697868184,-0.11157632850078908,-2.126824199579434
8,9,0.5,-1.809759644500763,-0.01337999227971957,-1.1180217400915227
8,9,0.6,-1.3047224455696522,0.0014425571408976604,-0.843802683040892
8,9,0.7,-0.9324483444941416,0.009639914082202697,-1.0132593828658942
8,9,0.8,-0.7675370469922673,0.024997076089178658,-0.982499640841574
8,9,0.9,-2.1519172774607367,-0.0382639480064335,-1.577545333810426
8,10,0.3,-4.598314551974056,-0.11372333216585906,-1.5357835129330288
8,10,0.4,-2.284700128728787,-0.024406081025146947,-1.1490460894675703
8,10,0.5,-2.0024094181869603,-0.003885191422665732,-1.2613481418312937
8,10,0.6,-1.8686785049440207,-0.028574971908171706,-0.9694198725723489
8,10,0.7,-1.0212454648039226,0.015013608910823678,-0.8692881162113886
8,10,0.8,-1.1573982826575286,0.0011615094548429808,-0.778127297233334
8,10,0.9,-0.7804149546853485,6.62393274275799e-05,-0.7711407909215588
9,2,0.3,-5.110624388042095,-0.1328494527723467,-2.3933439361231112
9,2,0.4,-3.307218152955364,-0.06873717170656493,-1.5858106903104021
9,2,0.5,-3.826243027243575,-0.09072894506854043,-2.461304776726448
9,2,0.6,-2.9091346674187943,-0.05102273581925608,-2.094808811371491
9,2,0.7,-2.2035266205484967,-0.0207338342261192,-1.6822164190120465
9,2,0.8,-1.5401632635711704,-0.0057834531605402235,-0.9060816767676224
9,2,0.9,-1.9340621870559858,-0.03382599287928632,-1.523718228182286
9,3,0.3,-4.687852413072575,-0.11262625510054868,-1.8729118330509533
9,3,0.4,-3.9154998130656526,-0.08153438346588539,-2.0125530991075484
9,3,0.5,-2.8674553952315716,-0.05962957692030418,-1.5442761466781567
9,3,0.6,-2.9147482701884613,-0.050434925417121,-1.4301099543883313
9,3,0.7,-1.3472457201813022,0.00017096290653328733,-0.7540578860918392
9,3,0.8,-2.347442016017098,-0.03868031706311075,-2.49510521252611
9,3,0.9,-1.5077950622532763,-0.015358664303027026,-1.3377123664079822
9,4,0.3,-4.881720054344036,-0.12187717183854287,-2.0107878820650615
9,4,0.4,-3.3377101295538107,-0.06790243381726654,-1.4926475079213761
9,4,0.5,-2.824518353875625,-0.05350328580760303,-1.535992750790596
9,4,0.6,-2.957987477313052,-0.062442364109774516,-1.7764505838085154
9,4,0.7,-2.3210140940763764,-0.024427592187429098,-1.9363513294930097
9,4,0.8,-1.279871570328417,0.00117223394837371,-0.883011924653437
9,4,0.9,-1.1394373852358715,-6.744896312231603e-05,-0.88742740733572
9,5,0.3,-4.439694277394088,-0.1048281882377818,-1.509198139773355
9,5,0.4,-2.942494583572476,-0.04395989724437045,-0.9962603909604483
9,5,0.5,-2.168565162615339,-0.024598734606462495,-1.2426339314327357
9,5,0.6,-2.196666470876034,-0.03910766034102755,-1.0287940577940704
9,5,0.7,-1.9606442842083274,-0.027864003537029836,-1.3815019640470216
9,5,0.8,-1.1391742002483207,0.00458124807151802,-0.7737526716426983
9,5,0.9,-1.4941429459334055,-0.007492103219178783,-1.245976106887353
9,6,0.3,-5.77074103545316,-0.16032445740216306,-2.7412594600978495
9,6,0.4,-3.622214882965243,-0.08323305093186775,-1.613939683148579
9,6,0.5,-2.9112749238519178,-0.05832550757932128,-1.1271430462931618
9,6,0.6,-1.9469339968778416,-0.02201493527283348,-1.2539129156298587
9,6,0.7,-1.5907700596531038,-0.014169990673223292,-1.0171080035171656
9,6,0.8,-2.2478927189874462,-0.03814594314384227,-1.3171475443743788
9,6,0.9,-1.0493965885099017,0.001535312718012863,-0.727601673743892
9,7,0.3,-5.552727850733576,-0.1507236970428894,-2.2442280268264114
9,7,0.4,-3.888648005011691,-0.08115754379686672,-1.76738692104815
9,7,0.5,-2.279750401782257,-0.02636906092134106,-1.1465404210428
9,7,0.6,-1.6846015077293197,-0.003147226140963033,-0.9681351667232918
9,7,0.7,-1.0516154715309858,0.019370281572779067,-0.7203009781672772
9,7,0.8,-1.3521035713513738,-0.0062937125073721355,-0.8615039584799156
9,7,0.9,-0.559519053342744,0.013646500099316707,-0.826774291864153
9,8,0.3,-4.615246050978035,-0.10617596775759261,-1.4996754279626945
9,8,0.4,-4.0449309387538035,-0.09509829196765877,-1.9020367295894944
9,8,0.5,-2.5132489349372644,-0.04060483958352731,-1.4551415101248866
9,8,0.6,-1.885274289748159,-0.013202394038191786,-1.2635143897628676
9,8,0.7,-1.4014202507057196,0.0031883711639704763,-1.2556901672193235
9,8,0.8,-1.5456718891233818,-0.00282212930764095,-0.9291598370698986
9,8,0.9,-1.2482199325512517,-0.006532490485314867,-0.7658340047114919
9,9,0.3,-5.181138462114512,-0.13542703002819736,-1.969072582950054
9,9,0.4,-3.7194067323209987,-0.07880616924091821,-1.460160259212201
9,9,0.5,-2.243658956339381,-0.027333511002572065,-1.1910694154904808
9,9,0.6,-1.8750268156972194,-0.021378940284501203,-1.1272826904993334
9,9,0.7,-1.2228414168233863,0.005036358038453241,-1.0342714742589294
9,9,0.8,-0.9640077603622097,0.008393218998050993,-0.8530756223755073
9,9,0.9,-2.00445724354855,-0.023331906705731566,-1.1244818043278353
9,10,0.3,-5.1983857433363285,-0.13757786660955496,-1.5545629577544806
9,10,0.4,-3.1074535121221922,-0.059152081612967825,-1.324430128403781
9,10,0.5,-1.8952827862903412,0.003292276550109765,-1.3149744444396643
9,10,0.6,-1.8219904978216404,-0.022722156227832465,-1.0020084076374676
9,10,0.7,-0.9298215755410282,0.017420015300136434,-0.8637889064714306
9,10,0.8,-1.9299955238199926,-0.03094017429430111,-1.0687867950383771
9,10,0.9,-0.8734632460778812,0.003320362740839909,-0.8379793017076776
10,2,0.3,-5.5591094214638055,-0.14518490035084458,-2.8074679503806834
10,2,0.4,-3.8911927444772862,-0.09453048680363074,-1.6208264761064008
10,2,0.5,-4.366140744021551,-0.12039407039334445,-2.424994424295968
10,2,0.6,-3.358801716570697,-0.070222601090377,-3.188678561354462
10,2,0.7,-1.5664661438305996,0.0030943588851679456,-1.4609502081434165
10,2,0.8,-1.7455890804616612,-0.018509314681482956,-1.5405257338648857
10,2,0.9,-1.9819776204305228,-0.03358423386707323,-1.800758254777654
10,3,0.3,-5.014919895629452,-0.13028611891594352,-1.8904317056490902
10,3,0.4,-3.9210604999575773,-0.08100021524606466,-2.541665655924041
10,3,0.5,-2.5357166319202205,-0.04753644403491839,-1.2651220982282565
10,3,0.6,-2.3992772141252883,-0.03264132931172503,-1.2587986201333963
10,3,0.7,-1.4593634942096982,-0.003605458862913532,-0.7114380155549915
10,3,0.8,-2.323117579028401,-0.031018983092772366,-1.9937375254021024
10,3,0.9,-1.5200345014588106,-0.01980067935713592,-1.3317744069904855
10,4,0.3,-5.161741051580082,-0.1331345805965578,-2.2354191513057584
10,4,0.4,-3.7183315819446916,-0.0802995154767697,-1.4276647589758518
10,4,0.5,-3.212658773702242,-0.07651912461416178,-1.7256822677295194
10,4,0.6,-2.5708915186177936,-0.03662703956565111,-2.012321540562728
10,4,0.7,-3.5025864310326753,-0.07050084165664464,-3.3205254544886587
10,4,0.8,-1.4364704837060132,-0.0069920448516106555,-0.9496530781671831
10,4,0.9,-1.1268559554178232,0.0012056814237535658,-0.7795291089458123
10,5,0.3,-5.60461894601433,-0.15296497762282002,-1.9222491918625404
10,5,0.4,-3.2964201235671444,-0.06198573468626245,-1.3383160424388731
10,5,0.5,-2.757843048554305,-0.04368049488781033,-1.241308958455474
10,5,0.6,-2.7742300092766703,-0.05247401299180202,-1.3045528413588916
10,5,0.7,-2.234736926475702,-0.03548261444645367,-1.3381034156284863
10,5,0.8,-1.5549103377099798,-0.0097929144626165,-0.890243275773912
10,5,0.9,-2.3997753283162604,-0.04221110811534316,-1.8223812347997232
10,6,0.3,-5.886271528733307,-0.16696787468279867,-2.8920288340977844
10,6,0.4,-3.6209207725305257,-0.08574253667830292,-1.593453189350615
10,6,0.5,-2.96032315010937,-0.05606793725745808,-1.2860178658031247
10,6,0.6,-2.075478259446876,-0.02491205465538893,-1.1679233829871725
10,6,0.7,-1.4424805020413538,-0.0035240517818946855,-0.9084112352835417
10,6,0.8,-2.943853286275782,-0.06662051664023338,-1.591264603330616
10,6,0.9,-0.7935354262919376,0.014973375578071952,-0.7562750389687174
10,7,0.3,-5.592511405087353,-0.14820900707127158,-1.832315710044782
10,7,0.4,-4.033541734142707,-0.08988513525579946,-1.834375421377954
10,7,0.5,-2.9468190068942186,-0.05028090158812726,-1.3016630699081664
10,7,0.6,-1.954400214754679,-0.015946338337161824,-1.0345402154781025
10,7,0.7,-2.738261202885632,-0.050810201974480294,-1.792571969475004
10,7,0.8,-1.3620997663269079,-0.008812624360002628,-0.8690886655847994
10,7,0.9,-0.5238016751389173,0.02202767113720005,-0.7670082414424806
10,8,0.3,-5.039132408429994,-0.12429569081089062,-1.8739637760714607
10,8,0.4,-4.503745334583094,-0.11371392260131293,-2.256869348498188
10,8,0.5,-2.906224395591418,-0.05141134082371436,-1.405132280765009
10,8,0.6,-2.0046255764177063,-0.017454944617964045,-1.1123313143137321
10,8,0.7,-1.4524565945220922,0.0009857915038474282,-1.1585026724678644
10,8,0.8,-1.4951692384740636,-0.004251342816313251,-1.1973264447297618
10,8,0.9,-1.381441043235172,-0.011667137193646187,-0.8499411860143837
10,9,0.3,-5.294660073219147,-0.13788716812257373,-2.2142908876601655
10,9,0.4,-3.3590754896422674,-0.06683329096604589,-1.3504722023841698
10,9,0.5,-2.8402048189189997,-0.05263172321773559,-1.774318847783038
10,9,0.6,-2.9008465696504837,-0.060928966413113114,-1.308678120297777
10,9,0.7,-1.4660573621355313,-0.0027561988800129207,-1.241856555757157
10,9,0.8,-1.2848179363671033,0.005013818067854536,-0.973870946051077
10,9,0.9,-2.2831602549811376,-0.040779362901410585,-1.4369502171706252
10,10,0.3,-6.1165617195373,-0.17255429836174407,-2.6758687191447694
10,10,0.4,-3.636541688404331,-0.07985884362500362,-1.5875952845519588
10,10,0.5,-2.0029359085603113,-0.0019456634400267553,-1.265627176877219
10,10,0.6,-1.6583811297783384,-0.010507991141492038,-1.035751690532884
10,10,0.7,-1.5323965996276887,-0.012000728509241299,-1.0264135824898923
10,10,0.8,-1.3983611064436678,-0.00910213867471954,-0.8965282194923588
10,10,0.9,-1.4881327428458069,-0.018690296181612647,-1.0579608455444316
15,2,0.3,-6.489122856905614,-0.18287143573293838,-3.4034307814033906
15,2,0.4,-5.625702253531788,-0.1571874898598524,-3.0572236716154824
15,2,0.5,-4.726222736962815,-0.1214420820629872,-3.65640336664038
15,2,0.6,-3.4618276925132814,-0.07062835669602555,-1.8320417714471862
15,2,0.7,-2.874130882532799,-0.05384005642469758,-2.046296861339334
15,2,0.8,-2.9873718978309545,-0.06714743817771297,-1.464374605609538
15,2,0.9,-2.349299099689415,-0.029493602595779832,-1.77979371711415
15,3,0.3,-6.173076230200233,-0.17080436855710357,-3.186652847448448
15,3,0.4,-4.265352800529848,-0.09629277668315701,-1.8171038115891396
15,3,0.5,-2.9787854116680994,-0.05904326270875072,-1.3180404523487164
15,3,0.6,-2.7979267098499467,-0.042738856359623205,-1.6558519163823404
15,3,0.7,-1.8545118182900484,-0.01454001620428324,-1.0572638083827615
15,3,0.8,-2.87889989766536,-0.06285481789996755,-2.1293507945275496
15,3,0.9,-2.283898955018635,-0.04497433971591538,-1.3767671004900275
15,4,0.3,-6.2692273946138375,-0.17235141880607321,-2.7731422105018515
15,4,0.4,-4.856373625368126,-0.12436940516510411,-2.3250526445885646
15,4,0.5,-3.5313871422387373,-0.07726398657923655,-1.5514831613563225
15,4,0.6,-3.1437470846034246,-0.06314994328366746,-1.8248226240587555
15,4,0.7,-3.453638100164881,-0.07882872336257822,-2.1167137867222836
15,4,0.8,-2.1429711810681464,-0.02908840318220932,-1.3184252280611577
15,4,0.9,-1.9044929933883172,-0.028951716981992268,-1.4419523289512488
15,5,0.3,-6.0478681546595245,-0.16971495071537432,-2.5843367528814385
15,5,0.4,-4.524637879472169,-0.10964939541693405,-2.6336514487934
15,5,0.5,-3.19495496684616,-0.06347797551794578,-1.600076768147258
15,5,0.6,-3.1896513269958264,-0.0662169620243057,-1.8236412753260935
15,5,0.7,-2.4803525245588443,-0.034121712709281965,-1.4739635626054386
15,5,0.8,-2.06175900128956,-0.029480320486861424,-1.1671328221354271
15,5,0.9,-2.8322795260042684,-0.06297325363408343,-2.2255552499166265
15,6,0.3,-6.20310703261251,-0.17019785628770823,-2.8586406476104447
15,6,0.4,-4.035480635227192,-0.09659292964486246,-1.7445900203759679
15,6,0.5,-4.109306980732768,-0.09759251518355469,-1.6993997410682056
15,6,0.6,-3.4438730273862626,-0.07340795272992473,-2.3345411976683748
15,6,0.7,-3.6193019958842982,-0.08586973188065827,-2.021614216328561
15,6,0.8,-3.218010024794386,-0.07545271996115147,-1.9300734847148955
15,6,0.9,-1.591085234085249,-0.008393876631731956,-0.9711545947258633
15,7,0.3,-6.2568058920574865,-0.17484095874310948,-2.328913138917247
15,7,0.4,-4.3006844374019995,-0.10373187376980189,-1.8373821058605382
15,7,0.5,-3.6143285613646188,-0.0767242028026022,-1.736030906107101
15,7,0.6,-2.421220022752393,-0.034246533111520795,-1.553222109858114
15,7,0.7,-2.5082956980871014,-0.036282123031086404,-1.2785997222262542
15,7,0.8,-3.3609054737139408,-0.07543733697587658,-1.6697851342160177
15,7,0.9,-1.8624806215301608,-0.02816121409605708,-1.204152439493074
15,8,0.3,-6.06042685842401,-0.16917661274361862,-2.3034989443619143
15,8,0.4,-4.104440207933811,-0.09216312101412488,-1.5856418125435785
15,8,0.5,-3.1762086628209465,-0.06442099493067313,-1.5440782054693214
15,8,0.6,-2.745434045817888,-0.050292837859131696,-1.5552960988967768
15,8,0.7,-2.9282960182234765,-0.05188207313386048,-1.6668386889558333
15,8,0.8,-2.356488420517794,-0.03699894937511835,-1.5332853973611948
15,8,0.9,-1.888970303394932,-0.021778918245352732,-0.9316935482576575
15,9,0.3,-5.7086621226599155,-0.15876670639713938,-2.4135226803492467
15,9,0.4,-3.9661943969113462,-0.09025127985129426,-1.5936675707918757
15,9,0.5,-4.118239092937851,-0.09831958483470221,-2.1642339082269406
15,9,0.6,-3.102387174546789,-0.059755333796581316,-1.405796871094511
15,9,0.7,-1.7391630154773587,-0.011005492565994037,-1.3782367983298682
15,9,0.8,-1.9621111908901874,-0.026851746777969903,-1.249077759310523
15,9,0.9,-2.3773350087928056,-0.045896257312744715,-1.4640034450255424
15,10,0.3,-5.244031278727608,-0.13075689206119995,-1.9851800442111383
15,10,0.4,-4.414592364730377,-0.1054396976635321,-1.7325024645446245
15,10,0.5,-2.6380450695112683,-0.0351757904871558,-1.2583987632795521
15,10,0.6,-2.8191961599117765,-0.05883214507451249,-1.2172962996273355
15,10,0.7,-2.512297819507439,-0.0394600845028524,-1.187177782614925
15,10,0.8,-1.6192724493195543,-0.01944399348624982,-1.0023196324297607
15,10,0.9,-1.7276607217141435,-0.023107406846470155,-0.9220410316752558
